{"0": 9032.1705875, "3": 34717.6608625, "1": 17543.35205, "2": 173816.164375, "4": 31121.268162499997, "5": 19932.3822625, "6": 11626.649775}