{"0": 22832.1705875, "3": 47019.6608625, "1": 23731.35205, "2": 254402.164375, "4": 42555.2681625, "5": 28018.3822625, "6": 21094.649774999998}