{"0": 11878.1705875, "3": 38061.6608625, "1": 19207.35205, "2": 199432.164375, "4": 34493.2681625, "5": 22830.3822625, "6": 12862.649775}