{"0": 34418.170587500004, "3": 88179.6608625, "1": 44687.35205, "2": 476996.164375, "4": 85851.2681625, "5": 51250.3822625, "6": 40862.649775}