{"0": 9210.1705875, "3": 36407.6608625, "1": 18053.35205, "2": 187332.164375, "4": 33013.2681625, "5": 21612.3822625, "6": 12312.649775}