{"0": 6744.1705875, "3": 29771.6608625, "1": 13567.35205, "2": 135952.164375, "4": 20911.268162499997, "5": 15420.3822625, "6": 8130.649775}