{"0": 3774.1705875, "3": 14095.660862499999, "1": 6085.3520499999995, "2": 57334.16437499999, "4": 8463.268162499999, "5": 5992.382262499999, "6": 3718.649775}