{"0": 32752.1705875, "3": 78959.6608625, "1": 41009.35205, "2": 424542.164375, "4": 75159.2681625, "5": 44420.3822625, "6": 33120.649775}